{"kostenreduktion": 0.7643490550108254, "amortizationsdauer": 0.002738600575106121, "speicherleistung": 40.0000000000002, "speicherkapazit\u00e4t": 11.0803324099723}